{"cameraMode":{"drawMode":0,"name":"Shaded","section":"Shading Mode"},"sceneLighting":true,"audioPlay":false,"sceneViewState":{"m_AlwaysRefresh":false,"showFog":true,"showSkybox":true,"showFlares":true,"showImageEffects":true,"showParticleSystems":true,"showVisualEffectGraphs":true,"m_FxEnabled":true},"in2DMode":false,"pivot":{"x":-4.271229267120361,"y":5.847537994384766,"z":1.7720001935958863},"rotation":{"x":0.09135663509368897,"y":0.021200023591518403,"z":-0.0021411399357020857,"w":0.9957031607627869},"size":6.267166614532471,"orthographic":true}