{"cameraMode":{"drawMode":0,"name":"Shaded","section":"Shading Mode"},"sceneLighting":true,"audioPlay":false,"sceneViewState":{"m_AlwaysRefresh":false,"showFog":true,"showSkybox":true,"showFlares":true,"showImageEffects":true,"showParticleSystems":true,"showVisualEffectGraphs":true,"m_FxEnabled":true},"in2DMode":false,"pivot":{"x":0.6715894341468811,"y":-5.415519714355469,"z":13.245805740356446},"rotation":{"x":0.4013264775276184,"y":-0.18611715734004975,"z":0.08368003368377686,"w":0.8929346799850464},"size":8.028570175170899,"orthographic":true}