{"cameraMode":{"drawMode":0,"name":"Shaded","section":"Shading Mode"},"sceneLighting":false,"audioPlay":false,"sceneViewState":{"m_AlwaysRefresh":false,"showFog":true,"showSkybox":false,"showFlares":true,"showImageEffects":true,"showParticleSystems":true,"showVisualEffectGraphs":true,"m_FxEnabled":true},"in2DMode":false,"pivot":{"x":-0.4889039993286133,"y":0.3230171203613281,"z":0.3014373779296875},"rotation":{"x":-0.37072664499282839,"y":0.00891255121678114,"z":-0.00355783523991704,"w":-0.9286903142929077},"size":8.475239753723145,"orthographic":false}